ACCOUNT_ID,ACCOUNT_DESCRIPTION,ACCOUNT_TYPE,FISCAL_PERIOD,DEBIT_AMOUNT,CREDIT_AMOUNT,PRIOR_DEBIT_AMOUNT,PRIOR_CREDIT_AMOUNT,RUN_COMMENTS2,CURRENT_PERIOD_BALANCE,
1000-010,Petty Cash on Hand,A,18-Sep,0,0,50655.62,50405.62,Site ID: 1,250,1100.11
1000-020,Bank Accounts - A/P Payments,A,18-Sep,0,0,148143750.5,148336338.7,Site ID: 1,-192588.24,1100.21
1000-030,Bank Accounts - A/R Receipts,A,18-Sep,0,0,263550600.4,262305435.5,Site ID: 1,1245164.93,1100.22
1000-040,Bank Accounts - Payroll,A,18-Sep,0,0,65487057.35,65487057.35,Site ID: 1,0,1100.23
1000-050,Bank Accounts - MONEY MARKET,A,18-Sep,0,0,8870.23,8870.23,Site ID: 1,0,
1000-060,Bank Accounts - Medical Dental,A,18-Sep,0,0,89209.7,89209.7,Site ID: 1,0,
1100-001,Accounts Receivable,A,18-Sep,0,0,225227225.1,224112461.1,Site ID: 1,1114764.03,1200.11
1100-002,Accounts Receivable,A,18-Sep,0,0,72917849.39,72901888.77,Site ID: 1,15960.62,1200.11
1100-003,Accounts Receivable - MEPCO,A,18-Sep,0,0,1138048.67,1138048.67,Site ID: 1,0,
1100-010,Allowance for Doubtful Accounts,A,18-Sep,0,0,339702.14,358038.14,Site ID: 1,-18336,1200.31
1200-001,Employee Receivables,A,18-Sep,0,0,720.03,720.03,Site ID: 1,0,
1200-002,Other Receivables,A,18-Sep,0,0,288534.87,288534.87,Site ID: 1,0,
1200-003,Other Receivables - V/R,A,18-Sep,0,0,329242.77,329242.77,Site ID: 1,0,
1200-004,Sundry Receivables - Vending Service,A,18-Sep,0,0,0,0,Site ID: 1,0,
1310-000,Inter-Co Cash Transfers -V/R Corp,A,18-Sep,0,0,63724505.65,62624505.65,Site ID: 1,1100000,3300.1
1315-000,Inter-Co Transfers Other - V/R Corp,A,18-Sep,0,0,6934289.88,6934289.88,Site ID: 1,0,
1400-100-1,Material Inventory - Skidmore,A,18-Sep,0,0,185285875.3,183468490.3,Site ID: 1,1817385.02,1410.1
1400-100-2,Labor Inventory - Skidmore,A,18-Sep,0,0,14901172.2,14837769.88,Site ID: 1,63402.32,1410.1
1400-100-3,Burden Inventory - Skidmore,A,18-Sep,0,0,59246046.44,58994532.69,Site ID: 1,251513.75,1410.1
1400-100-4,Services Inventory - Skidmore,A,18-Sep,0,0,986891.3,972449.23,Site ID: 1,14442.07,1410.1
1400-110-1,Material Inventory - Vent-Rite,A,18-Sep,0,0,15136955.66,14775714.38,Site ID: 1,361241.28,1410.1
1400-110-2,Labor Inventory - Vent-Rite,A,18-Sep,0,0,2164275.44,2132895.09,Site ID: 1,31380.35,1410.1
1400-110-3,Burden Inventory - Vent-Rite,A,18-Sep,0,0,3653590.15,3606942.76,Site ID: 1,46647.39,1410.1
1400-110-4,Services Inventory - Vent-Rite,A,18-Sep,0,0,442553.74,433647.02,Site ID: 1,8906.72,1410.1
1400-200-1,WIP Material Inventory - Skidmore,A,18-Sep,0,0,93065086.44,92871200.64,Site ID: 1,193885.8,1410.1
1400-200-2,WIP Labor Inventory - Skidmore,A,18-Sep,0,0,12272891.58,12247811.77,Site ID: 1,25079.81,1410.1
1400-200-3,WIP Burden Inventory - Skidmore,A,18-Sep,0,0,48297211.2,48197029.95,Site ID: 1,100181.25,1410.1
1400-200-4,WIP Services Inventory - Skidmore,A,18-Sep,0,0,876521.83,876198.47,Site ID: 1,323.36,1410.1
1400-210-1,WIP Material Inventory - Vent-Rite,A,18-Sep,0,0,7483544.42,7411935.9,Site ID: 1,71608.52,1410.1
1400-210-2,WIP Labor Inventory - Vent-Rite,A,18-Sep,0,0,1949326.89,1935881.83,Site ID: 1,13445.06,1410.1
1400-210-3,WIP Burden Inventory - Vent-Rite,A,18-Sep,0,0,3015863.66,2995359.82,Site ID: 1,20503.84,1410.1
1400-210-4,WIP Services Inventory - Vent-Rite,A,18-Sep,0,0,368793.69,365167.84,Site ID: 1,3625.85,1410.1
1400-300-1,Finished Goods Inventory - Skidmore,A,18-Sep,0,0,61955.7,61955.7,Site ID: 1,0,1410.1
1400-300-2,Finished Goods Inventory - Vent-Rite,A,18-Sep,0,0,0,10.41,Site ID: 1,-10.41,1410.1
1400-300-5,Finished Goods Inventory - Kick Space,A,18-Sep,0,0,4752257.26,4752257.26,Site ID: 1,0,1410.1
1450-000,Inventory - Purchase Burden,A,18-Sep,0,0,194157.15,149728.7,Site ID: 1,44428.45,1410.1
1460-000,Fair Market Value - Reserve Provision,A,18-Sep,0,0,795229.2,795229.2,Site ID: 1,0,
1470-000,Inventory Shrinkage,A,18-Sep,0,0,2195763.51,2262763.51,Site ID: 1,-67000,1450.991
1470-010,Inventory Shrinkage - Vent Rite,A,18-Sep,0,0,65859.74,65859.74,Site ID: 1,0,
1490-000,Provision for Obsolete Material,A,18-Sep,0,0,255187.3,255187.3,Site ID: 1,0,
1500-001,Prepaid Supplies,A,18-Sep,0,0,311095.31,167632.28,Site ID: 1,143463.03,1300.11
1500-002,Earnest Money - BID BOND,A,18-Sep,0,0,500,500,Site ID: 1,0,
1500-003,Prepaid Other,A,18-Sep,0,0,160470.26,160470.26,Site ID: 1,0,
1500-004,Prepaid Deposits - Vent-Rite,A,18-Sep,0,0,0,0,Site ID: 1,0,
1500-005,Prepaid Rent,A,18-Sep,0,0,149766.67,149766.67,Site ID: 1,0,
1500-011,Prepaid Insurance - Medical / Group Life,A,18-Sep,0,0,6955132.49,6912031.41,Site ID: 1,43101.08,1300.15
1500-012,Prepaid Insurance - Business,A,18-Sep,0,0,1851170.34,1840496.87,Site ID: 1,10673.47,1300.16
1600-000,INTER-COMPANY TRANSFERS,A,18-Sep,0,0,0,0,Site ID: 1,0,
1700-001,Restricted cash equvalents,A,18-Sep,0,0,0,0,Site ID: 1,0,
1700-090,Capitalized Projects - In-Progress,A,18-Sep,0,0,2271595.39,2271595.39,Site ID: 1,0,1510.11
1700-101,Machinery and Equipment - Acquisition,A,18-Sep,0,0,700000,0,Site ID: 1,700000,1510.11
1700-102,Machinery and Equipment,A,18-Sep,0,0,1188630.34,183915.5,Site ID: 1,1004714.84,1510.11
1700-103,Machinery and Equipment,A,18-Sep,0,0,1975,1975,Site ID: 1,0,1510.11
1700-104,IRB - Machinery and Equipment,A,18-Sep,0,0,213751.81,-126645.19,Site ID: 1,340397,1510.11
1700-105,"Tools, Dies, & Patterns",A,18-Sep,0,0,6338,6338,Site ID: 1,0,1510.11
1700-106,Office Equipment,A,18-Sep,0,0,421,421,Site ID: 1,0,1510.11
1700-107,Office Equipment,A,18-Sep,0,0,0,0,Site ID: 1,0,1510.11
1700-200,Building,A,18-Sep,0,0,0,0,Site ID: 1,0,1510.11
1700-301,Leasehold Improvements - Acquisition,A,18-Sep,0,0,300000,0,Site ID: 1,300000,1510.11
1700-302,Leasehold Improvements,A,18-Sep,0,0,133886,5780,Site ID: 1,128106,1510.11
1700-303,IRB - Leasehold Improvements,A,18-Sep,0,0,4853.8,-131303.7,Site ID: 1,136157.5,1510.11
1700-401,IRB - Furniture and fixtures,A,18-Sep,0,0,60569.69,60569.69,Site ID: 1,0,1510.11
1700-402,Furniture and fixtures,A,18-Sep,0,0,335364.02,185094.98,Site ID: 1,150269.04,1510.11
1700-403,Furniture and fixtures,A,18-Sep,0,0,0,0,Site ID: 1,0,1510.11
1700-500,Land,A,18-Sep,0,0,0,0,Site ID: 1,0,1510.11
1800-101,Accum Depr Machinery and Equipment - Acq,A,18-Sep,0,0,23281,723281,Site ID: 1,-700000,1610.11
1800-102,Accum Depr Machinery and Equipment,A,18-Sep,0,0,370038.61,1192166.14,Site ID: 1,-822127.53,1610.11
1800-103,Accum Depr Machinery and Equipment,A,18-Sep,0,0,500.08,500.08,Site ID: 1,0,1610.11
1800-104,Accum Depr IRB - Machinery and Equipment,A,18-Sep,0,0,181659.55,419667.08,Site ID: 1,-238007.53,1610.11
1800-105,"Accum Depr Tools, Dies, & Patterns",A,18-Sep,0,0,0,0,Site ID: 1,0,1610.11
1800-106,Accum Depr Office Equipment,A,18-Sep,0,0,0,0,Site ID: 1,0,1610.11
1800-107,Accum Depr Office Equipment,A,18-Sep,0,0,0,0,Site ID: 1,0,1610.11
1800-200,Accum Depr Building,A,18-Sep,0,0,0,0,Site ID: 1,0,1610.11
1800-301,Accum Depr Leasehold Improvements - Acqu,A,18-Sep,0,0,56401.96,356401.96,Site ID: 1,-300000,1610.11
1800-302,Accum Depr Leasehold Improvements,A,18-Sep,0,0,24525.91,62326.93,Site ID: 1,-37801.02,1610.11
1800-303,Accum Depr Leasehold Improvements,A,18-Sep,0,0,160475.08,247396.18,Site ID: 1,-86921.1,1610.11
1800-401,Accum Depr IRB - Furniture and fixtures,A,18-Sep,0,0,237998,237998,Site ID: 1,0,1610.11
1800-402,Accum Depr Furniture and fixtures,A,18-Sep,0,0,153102.95,296313.99,Site ID: 1,-143211.04,1610.11
1800-403,Accum Depr Furniture and fixtures,A,18-Sep,0,0,23434.08,23434.08,Site ID: 1,0,1610.11
1900-000,Other Assets,A,18-Sep,0,0,0,0,Site ID: 1,0,
2010-000,Accounts Payable,L,18-Sep,0,0,136160958.6,136569594.3,Site ID: 1,-408635.72,2100.11
2010-010,Accounts Payable - ACCRUAL,L,18-Sep,0,0,267743.46,267743.46,Site ID: 1,0,2100.12
2010-011,Accounts Payable - MEPCO Univ Recpts,L,18-Sep,0,0,253602.58,253602.58,Site ID: 1,0,
2020-000,Purchased Receipts Accrual,L,18-Sep,0,0,82889529.35,83017381.99,Site ID: 1,-127852.64,2100.13
2030-000,License Fee Payable,L,18-Sep,0,0,0,0,Site ID: 1,0,
2110-000,Inter-company Payable - Vent-Rite,L,18-Sep,0,0,1468695.55,1468695.55,Site ID: 1,0,
2120-000,Inter-co Payable - Emerson-Swan,L,18-Sep,0,0,100167.3,100167.3,Site ID: 1,0,
2200-100,Accrued Payroll,L,18-Sep,0,0,52518115.07,52607268.49,Site ID: 1,-89153.42,2100.31
2210-000,Accrued Vacation,L,18-Sep,0,0,299011.45,322366.88,Site ID: 1,-23355.43,2100.32
2220-000,Accrued Holiday,L,18-Sep,0,0,188203.39,188203.39,Site ID: 1,0,
2230-000,Accrued 401(k) Payable,L,18-Sep,0,0,5285713.53,5286954.27,Site ID: 1,-1240.74,2100.33
2240-000,Accrued Severance,L,18-Sep,0,0,0,0,Site ID: 1,0,
2290-000,Accrued Incentive,L,18-Sep,0,0,0,0,Site ID: 1,0,
2300-000,Withholding taxes Payable,L,18-Sep,0,0,0,0,Site ID: 1,0,
2310-000,FICA Withheld Payable,L,18-Sep,0,0,3543474.2,3543474.2,Site ID: 1,0,2100.31
2320-000,Federal Income Tax Withheld Payable,L,18-Sep,0,0,7678251.85,7678251.85,Site ID: 1,0,2100.31
2330-000,State Income Tax Withheld Payable,L,18-Sep,0,0,1993922.89,1993922.89,Site ID: 1,0,2100.31
2400-000,Direct Deposit Employee Payable,L,18-Sep,0,0,150282.11,150282.11,Site ID: 1,0,2100.31
2410-000,United Way Fund Payable,L,18-Sep,0,0,5,5,Site ID: 1,0,
2420-000,Friend of the Court / Garnishees Payable,L,18-Sep,0,0,355215.62,355215.62,Site ID: 1,0,2100.31
2430-000,Medical Insurance - Employee Withheld,L,18-Sep,0,0,1595803.24,1595803.24,Site ID: 1,0,2100.31
2440-000,Profit Sharing Payable,L,18-Sep,0,0,15506732.91,16026627.84,Site ID: 1,-519894.93,2100.27
2600-000,Employer Match - 401(k),L,18-Sep,0,0,1542158.05,1542158.05,Site ID: 1,0,2100.33
2610-000,FICA Payable - Employer,L,18-Sep,0,0,3799890.82,3805653.01,Site ID: 1,-5762.19,2100.35
2620-000,FUI Payable - Employer,L,18-Sep,0,0,101101.64,101101.64,Site ID: 1,0,2100.35
2630-000,SUI Payable - Employer,L,18-Sep,0,0,298130.14,298130.14,Site ID: 1,0,2100.35
2650-000,Group Medical Insurance,L,18-Sep,0,0,1748107.65,1748107.65,Site ID: 1,0,2100.35
2660-000,Accrued Group Life Insurance,L,18-Sep,0,0,31229.98,31229.98,Site ID: 1,0,2100.35
2670-000,Accrued Employee Welfare,L,18-Sep,0,0,347279.63,353837.7,Site ID: 1,-6558.07,2100.24
2680-000,Accrued Workmens Compensation,L,18-Sep,0,0,391932.95,391932.95,Site ID: 1,0,2100.22
2690-000,Accrued Long-Term Disability Insurance,L,18-Sep,0,0,0,0,Site ID: 1,0,
2720-000,Capital Lease - Due to Vent-Rite,L,18-Sep,0,0,35262,233033.72,Site ID: 1,-197771.72,2200.11
2725-000,,L,18-Sep,0,0,0,0,Site ID: 1,0,
2730-000,,L,18-Sep,0,0,0,0,Site ID: 1,0,
2735-000,,L,18-Sep,0,0,0,0,Site ID: 1,0,
2740-000,,L,18-Sep,0,0,0,0,Site ID: 1,0,
2800-000,Accrued Property Taxes,L,18-Sep,0,0,881655.09,884444.53,Site ID: 1,-2789.44,2100.45
2801-000,Accrued Corporate Allocation,L,18-Sep,0,0,649124.97,649124.97,Site ID: 1,0,2100.23
2810-000,State Sales & Use Tax Payable,L,18-Sep,0,0,5706.86,6373.5,Site ID: 1,-666.64,2100.46
2820-000,Accrued Legal & Professional,L,18-Sep,0,0,36902.92,36902.92,Site ID: 1,0,2100.21
2825-000,Accrued Audit Fee,L,18-Sep,0,0,585172.78,585172.78,Site ID: 1,0,2100.21
2830-000,Product Liability Insurance,L,18-Sep,0,0,503102.94,503102.94,Site ID: 1,0,2100.22
2835-000,Business Auto Insurance,L,18-Sep,0,0,45030.95,45030.95,Site ID: 1,0,2100.22
2840-000,Accrued Rep Council,L,18-Sep,0,0,190003,190003,Site ID: 1,0,2100.26
2850,Accrued Commissions Payable,L,18-Sep,0,0,0,0,Site ID: 1,0,2100.26
2850-000,Accrued Sales Literature,L,18-Sep,0,0,386638.19,386638.19,Site ID: 1,0,2100.28
2860-000,Accrued Advertising & Sales Promotions,L,18-Sep,0,0,53129028.03,53149302.98,Site ID: 1,-20274.95,2100.28
2865-000,Accrued Rep Incentives,L,18-Sep,0,0,2794340.96,2876540.96,Site ID: 1,-82200,2100.26
2870-000,Accrued Commissions Payable,L,18-Sep,0,0,2044246.19,2044246.19,Site ID: 1,0,2100.26
2870-010,Accrued Commissions Payable - MEPCO,L,18-Sep,0,0,435489.37,435489.37,Site ID: 1,0,2100.26
2880-000,Accrued Warranty,L,18-Sep,0,0,431712.18,441259.45,Site ID: 1,-9547.27,2100.43
2885-000,Accrued Relocation Costs - Vent-Rite,L,18-Sep,0,0,0,0,Site ID: 1,0,
2890-000,Accrued Factory Expense,L,18-Sep,0,0,0,0,Site ID: 1,0,
2891-000,Accrued Factory Expense - Other,L,18-Sep,0,0,0,0,Site ID: 1,0,
2895-000,,L,18-Sep,0,0,0,0,Site ID: 1,0,
2900-000,Other Commitments - Outside Processing,L,18-Sep,0,0,732671.32,732671.32,Site ID: 1,0,2100.23
3100-100,Inter-Company Equity,Q,18-Sep,0,0,2350000,2350000,Site ID: 1,0,3200.32
3100-200,Inter-Company Equity - Vent-Rite,Q,18-Sep,0,0,180000,180000,Site ID: 1,0,3200.32
3200-100,Retained Earnings,Q,18-Sep,0,0,72147491.22,76386473.12,Site ID: 1,-4238981.9,3200.32
3200-200,Retained Earnings - Vent-Rite,Q,18-Sep,0,0,0,0,Site ID: 1,0,
3700-000,Additional Paid-in Capital,Q,18-Sep,0,0,0,0,Site ID: 1,0,
3710-200,Additional Paid-in Capital - Vent-Rite,Q,18-Sep,0,0,0,0,Site ID: 1,0,
4000-100,Gross Sales - WHOLE GOODS ,R,18-Sep,0,0,2184,4049250.9,Site ID: 1,-4047066.9,4100.1
4000-200,Gross Sales - PARTS,R,18-Sep,0,0,2952.26,1337675.91,Site ID: 1,-1334723.65,4100.95
4000-250,Gross Sales - FREPB,R,18-Sep,0,0,0,0,Site ID: 1,0,
4000-300,Gross Sales - COOLING PANELS,R,18-Sep,0,0,0,17725.73,Site ID: 1,-17725.73,4100.2
4000-400,Gross Sales - GLYCOL,R,18-Sep,0,0,0,224608.71,Site ID: 1,-224608.71,4100.25
4000-500,Gross Sales - PCP,R,18-Sep,0,0,257.8,33874.57,Site ID: 1,-33616.77,4100.2
4000-600,Gross Sales - VENTS,R,18-Sep,0,0,0,355961.38,Site ID: 1,-355961.38,4100.3
4000-700,Gross Sales - VRVP,R,18-Sep,0,0,0,0,Site ID: 1,0,4100.1
4000-800,Gross Sales - VENT-RITE PARTS,R,18-Sep,0,0,39166.72,623550.68,Site ID: 1,-584383.96,4100.95
4000-850,Gross Sales - VENT-RITE W/G,R,18-Sep,0,0,170133.27,1694944.78,Site ID: 1,-1524811.51,4100.1
4000-900,Gross Sales - MISCELLANEOUS,R,18-Sep,0,0,0,0,Site ID: 1,0,
4000-940,Gross Sales - XPOT,R,18-Sep,0,0,16784,203935,Site ID: 1,-187151,4100.35
4000-960,Gross Sales - COND NEUTRALIZER,R,18-Sep,0,0,37.86,21164.64,Site ID: 1,-21126.78,4100.95
4000-980,Gross Sales - UNIDENTIFIED,R,18-Sep,0,0,0,0,Site ID: 1,0,
400-1,Orders Entered,R,18-Sep,0,0,916907,9483738,Site ID: 1,-8566831,4000.001
400-2,Orders Entered (Contra Account),R,18-Sep,0,0,9483738,916907,Site ID: 1,8566831,4000.002
4100-100,Commission Expense - WHOLE GOODS,R,18-Sep,0,0,3973.39,243.45,Site ID: 1,3729.94,6400.24
4100-200,Commission Expense - PARTS,R,18-Sep,0,0,0,0,Site ID: 1,0,
4100-250,Commission Expense - FREPB,R,18-Sep,0,0,0,0,Site ID: 1,0,
4100-300,Commission Expense - COOLING PANELS,R,18-Sep,0,0,0,0,Site ID: 1,0,
4100-400,Commission Expense - GLYCOL,R,18-Sep,0,0,0,0,Site ID: 1,0,
4100-500,Commission Expense - PCP,R,18-Sep,0,0,0,0,Site ID: 1,0,
4100-600,Commission Expense - VENTS,R,18-Sep,0,0,0,0,Site ID: 1,0,
4100-700,Commission Expense - VRVP,R,18-Sep,0,0,0,0,Site ID: 1,0,
4100-800,Commission Expense - VENT-RITE PARTS,R,18-Sep,0,0,0,0,Site ID: 1,0,
4100-850,Commission Expense - VENT-RITE W/G,R,18-Sep,0,0,0,0,Site ID: 1,0,
4100-900,Commission Expense - MISCELLANEOUS,R,18-Sep,0,0,0,0,Site ID: 1,0,
4100-940,Commission Expense - XPOT,R,18-Sep,0,0,0,0,Site ID: 1,0,
4100-960,Commission Expense -COND NETURALIZER,R,18-Sep,0,0,0,0,Site ID: 1,0,
4100-980,Commission Expense - UNIDENTIFIED,R,18-Sep,0,0,0,0,Site ID: 1,0,
4200-100,Sales Returns - WHOLEGOODS,R,18-Sep,0,0,36278.89,11037.44,Site ID: 1,25241.45,4300.1
4200-200,Sales Returns - PARTS,R,18-Sep,0,0,24429.75,1522.92,Site ID: 1,22906.83,4300.95
4200-250,Sales Returns - FREPB,R,18-Sep,0,0,0,0,Site ID: 1,0,
4200-300,Sales Returns - COOLING PANELS,R,18-Sep,0,0,0,0,Site ID: 1,0,
4200-400,Sales Returns - GLYCOL,R,18-Sep,0,0,0,0,Site ID: 1,0,
4200-500,Sales Returns - PCP,R,18-Sep,0,0,0,0,Site ID: 1,0,
4200-600,Sales Returns - VENTS,R,18-Sep,0,0,0,0,Site ID: 1,0,
4200-700,Sales Returns - VRVP,R,18-Sep,0,0,0,0,Site ID: 1,0,
4200-800,Sales Returns - VENT-RITE PARTS,R,18-Sep,0,0,9904.28,0,Site ID: 1,9904.28,4300.95
4200-850,Sales Returns - VENT-RITE W/G,R,18-Sep,0,0,676.7,0,Site ID: 1,676.7,4300.1
4200-900,Sales Returns - MISCELLANEOUS,R,18-Sep,0,0,0,0,Site ID: 1,0,
4200-940,Sales Returns - XPOT,R,18-Sep,0,0,5800,1000,Site ID: 1,4800,4300.35
4200-960,Sales Returns - COND NEUTRALIZER,R,18-Sep,0,0,66,0,Site ID: 1,66,4300.95
4200-980,Sales Returns - UNIDENTIFIED,R,18-Sep,0,0,0,0,Site ID: 1,0,
4300-100,Sales Freight Out - WHOLEGOODS,R,18-Sep,0,0,26791.59,20244.71,Site ID: 1,6546.88,4900.105
4300-200,Sales Freight Out - PARTS,R,18-Sep,0,0,182513.12,164970.57,Site ID: 1,17542.55,4900.105
4300-250,Sales Freight Out - FREPB,R,18-Sep,0,0,0,0,Site ID: 1,0,4900.105
4300-300,Sales Freight Out - COOLING PANELS,R,18-Sep,0,0,102.36,158.86,Site ID: 1,-56.5,4900.105
4300-400,Sales Freight Out - GLYCOL,R,18-Sep,0,0,1367.13,1387.93,Site ID: 1,-20.8,4900.105
4300-500,Sales Freight Out - PCP,R,18-Sep,0,0,214.16,0,Site ID: 1,214.16,4900.105
4300-600,Sales Freight Out - VENTS,R,18-Sep,0,0,502.03,666.64,Site ID: 1,-164.61,4900.105
4300-700,Sales Freight Out - VRVP,R,18-Sep,0,0,0,0,Site ID: 1,0,4900.105
4300-800,Sales Freight Out - VENT-RITE PARTS,R,18-Sep,0,0,4087.23,7658.54,Site ID: 1,-3571.31,4900.105
4300-850,Sales Freight Out - VENT-RITE W/G,R,18-Sep,0,0,14343.82,14117.58,Site ID: 1,226.24,4900.105
4300-900,Sales Freight Out - MISCELLANEOUS,R,18-Sep,0,0,0,0,Site ID: 1,0,4900.105
4300-940,Sales Freight Out - XPOT,R,18-Sep,0,0,719.27,736.4,Site ID: 1,-17.13,4900.105
4300-960,Sales Freight Out - COND NEUTRALIZER,R,18-Sep,0,0,90,0,Site ID: 1,90,4900.105
4300-980,Sales Freight Out - UNIDENTIFIED,R,18-Sep,0,0,0,0,Site ID: 1,0,
4400-100,Cash Discount - WHOLEGOODS,R,18-Sep,0,0,0,0,Site ID: 1,0,4200.1
4400-200,Cash Discount - PARTS,R,18-Sep,0,0,0,0,Site ID: 1,0,4200.1
4400-250,Cash Discount - FREPB,R,18-Sep,0,0,0,0,Site ID: 1,0,4200.1
4400-300,Cash Discount - COOLING PANELS,R,18-Sep,0,0,0,0,Site ID: 1,0,4200.1
4400-400,Cash Discount - GLYCOL,R,18-Sep,0,0,0,0,Site ID: 1,0,4200.1
4400-500,Cash Discount - PCP,R,18-Sep,0,0,0,0,Site ID: 1,0,4200.1
4400-600,Cash Discount - VENTS,R,18-Sep,0,0,0,0,Site ID: 1,0,4200.1
4400-700,Cash Discount - VRVP,R,18-Sep,0,0,0,0,Site ID: 1,0,4200.1
4400-800,Cash Discount - VENT-RITE PARTS,R,18-Sep,0,0,0,0,Site ID: 1,0,4200.1
4400-850,Cash Discount -VENT-RITE W/G,R,18-Sep,0,0,0,0,Site ID: 1,0,4200.1
4400-900,Cash Discount - MISCELLANEOUS,R,18-Sep,0,0,0,0,Site ID: 1,0,4200.1
4400-940,Cash Discount - XPOT,R,18-Sep,0,0,0,0,Site ID: 1,0,4200.1
4400-960,Cash Discount - COND NEUTRALIZER,R,18-Sep,0,0,0,0,Site ID: 1,0,4200.1
4400-980,Cash Discount - UNIDENTIFIED,R,18-Sep,0,0,0,0,Site ID: 1,0,4200.1
4500-000,Other Customer Discounts / Allowances,R,18-Sep,0,0,84680.54,39988.55,Site ID: 1,44691.99,4200.1
5100-100,Material Cost - WHOLEGOODS,E,18-Sep,0,0,1467616.62,9270.43,Site ID: 1,1458346.19,5100.101
5100-200,Material Cost - PARTS,E,18-Sep,0,0,387480.66,0,Site ID: 1,387480.66,5100.951
5100-250,Material Cost - FREPB,E,18-Sep,0,0,0,0,Site ID: 1,0,
5100-300,Material Cost - COOLING PANELS ,E,18-Sep,0,0,5914.38,0,Site ID: 1,5914.38,5100.201
5100-400,Material Cost - GLYCOL,E,18-Sep,0,0,95347.93,594.18,Site ID: 1,94753.75,5100.251
5100-500,Material Cost - PCP,E,18-Sep,0,0,22854.09,0,Site ID: 1,22854.09,5100.201
5100-600,Material Cost - VENTS,E,18-Sep,0,0,135381.54,6822.49,Site ID: 1,128559.05,5100.301
5100-700,Material Cost - VRVP,E,18-Sep,0,0,0,0,Site ID: 1,0,
5100-800,Material Cost - VENT-RITE PARTS,E,18-Sep,0,0,204339.26,0,Site ID: 1,204339.26,5100.951
5100-850,Material Cost - VENT-RITE W/G,E,18-Sep,0,0,498203.7,0,Site ID: 1,498203.7,5100.101
5100-900,Material Cost - MISCELLANEOUS,E,18-Sep,0,0,0,0,Site ID: 1,0,
5100-940,Material Cost - XPOT,E,18-Sep,0,0,88316.85,0,Site ID: 1,88316.85,5100.351
5100-960,Material Cost - COND NEUTRALIZER,E,18-Sep,0,0,14576.11,0,Site ID: 1,14576.11,5100.951
5100-980,Material Cost - UNIDENTIFIED,E,18-Sep,0,0,0,0,Site ID: 1,0,
5200-100,Labor Cost - WHOLEGOODS,E,18-Sep,0,0,227754.61,1205.49,Site ID: 1,226549.12,5100.102
5200-200,Labor Cost - PARTS,E,18-Sep,0,0,43772.84,0,Site ID: 1,43772.84,5100.952
5200-250,Labor Cost - FREPB,E,18-Sep,0,0,0,0,Site ID: 1,0,
5200-300,Labor Cost - COOLING PANELS ,E,18-Sep,0,0,1268.69,0,Site ID: 1,1268.69,5100.202
5200-400,Labor Cost - GLYCOL,E,18-Sep,0,0,12972.78,236.28,Site ID: 1,12736.5,5100.252
5200-500,Labor Cost - PCP,E,18-Sep,0,0,3223.76,0,Site ID: 1,3223.76,5100.202
5200-600,Labor Cost - VENTS,E,18-Sep,0,0,33247.81,1668.99,Site ID: 1,31578.82,5100.302
5200-700,Labor Cost - VRVP,E,18-Sep,0,0,0,0,Site ID: 1,0,
5200-800,Labor Cost - VENT-RITE PARTS,E,18-Sep,0,0,22240.58,0,Site ID: 1,22240.58,5100.952
5200-850,Labor Cost - VENT-RITE W/G,E,18-Sep,0,0,79757.42,0,Site ID: 1,79757.42,5100.102
5200-900,Labor Cost - MISCELLANEOUS,E,18-Sep,0,0,0,0,Site ID: 1,0,
5200-940,Labor Cost - XPOT,E,18-Sep,0,0,1021.4,0,Site ID: 1,1021.4,5100.352
5200-960,Labor Cost - COND NEUTRALIZER,E,18-Sep,0,0,0,0,Site ID: 1,0,5100.952
5200-980,Labor Cost - UNIDENTIFIED,E,18-Sep,0,0,0,0,Site ID: 1,0,
5300-100,Burden Cost - WHOLEGOODS,E,18-Sep,0,0,909585.52,4820.36,Site ID: 1,904765.16,5100.103
5300-200,Burden Cost - PARTS,E,18-Sep,0,0,174850.27,0,Site ID: 1,174850.27,5100.953
5300-250,Burden Cost - FREPB,E,18-Sep,0,0,0,0,Site ID: 1,0,
5300-300,Burden Cost - COOLING PANELS ,E,18-Sep,0,0,5074.7,0,Site ID: 1,5074.7,5100.203
5300-400,Burden Cost - GLYCOL,E,18-Sep,0,0,49366.54,856.28,Site ID: 1,48510.26,5100.253
5300-500,Burden Cost - PCP,E,18-Sep,0,0,6837.48,0,Site ID: 1,6837.48,5100.203
5300-600,Burden Cost - VENTS,E,18-Sep,0,0,50921.42,2625.5,Site ID: 1,48295.92,5100.303
5300-700,Burden Cost - VRVP,E,18-Sep,0,0,0,0,Site ID: 1,0,
5300-800,Burden Cost - VENT-RITE PARTS,E,18-Sep,0,0,88632.02,0,Site ID: 1,88632.02,5100.953
5300-850,Burden Cost - VENT-RITE W/G,E,18-Sep,0,0,318378.35,0,Site ID: 1,318378.35,5100.103
5300-900,Burden Cost - MISCELLANEOUS,E,18-Sep,0,0,0,0,Site ID: 1,0,
5300-940,Burden Cost - XPOT,E,18-Sep,0,0,3545.12,0,Site ID: 1,3545.12,5100.353
5300-960,Burden Cost - COND NEUTRALIZER,E,18-Sep,0,0,0,0,Site ID: 1,0,5100.953
5300-980,Burden Cost - UNIDENTIFIED,E,18-Sep,0,0,0,0,Site ID: 1,0,
5400-100,Service Cost - WHOLEGOODS,E,18-Sep,0,0,88.24,0,Site ID: 1,88.24,5100.104
5400-200,Service Cost - PARTS,E,18-Sep,0,0,0,0,Site ID: 1,0,
5400-250,Service Cost - FREPB,E,18-Sep,0,0,0,0,Site ID: 1,0,
5400-300,Service Cost - COOLING PANELS ,E,18-Sep,0,0,0,0,Site ID: 1,0,
5400-400,Service Cost - GLYCOL,E,18-Sep,0,0,2169.9,9,Site ID: 1,2160.9,5100.254
5400-500,Service Cost - PCP,E,18-Sep,0,0,0,0,Site ID: 1,0,
5400-600,Service Cost - VENTS,E,18-Sep,0,0,5441.99,300.38,Site ID: 1,5141.61,5100.304
5400-700,Service Cost - VRVP,E,18-Sep,0,0,0,0,Site ID: 1,0,
5400-800,Service Cost - VENT-RITE PARTS,E,18-Sep,0,0,5121.57,0,Site ID: 1,5121.57,5100.954
5400-850,Service Cost - VENT-RITE W/G,E,18-Sep,0,0,6110.8,0,Site ID: 1,6110.8,5100.104
5400-900,Service Cost - MISCELLANEOUS,E,18-Sep,0,0,0,0,Site ID: 1,0,
5400-940,Service Cost - XPOT,E,18-Sep,0,0,0,0,Site ID: 1,0,
5400-960,Service Cost - COND NEUTRALIZER,E,18-Sep,0,0,0,0,Site ID: 1,0,
5400-980,Service Cost - UNIDENTIFIED,E,18-Sep,0,0,0,0,Site ID: 1,0,
5500-100,Frt-In Variance Purchase Material,E,18-Sep,0,0,84113.18,4927.25,Site ID: 1,79185.93,5400.101
5500-200,Frt-In Variance Purchase Material - V/R,E,18-Sep,0,0,3589.98,1214.7,Site ID: 1,2375.28,5400.101
5510-100,Reclassification of Material Cost,E,18-Sep,0,0,0,51832.91,Site ID: 1,-51832.91,5100.101
5510-200,Reclassification of Material Cost - V/R,E,18-Sep,0,0,7027.07,0,Site ID: 1,7027.07,5100.101
5550-100,Inventory Adj - Shrinkage Allowance,E,18-Sep,0,0,77729.18,10000,Site ID: 1,67729.18,5200.11
5550-200,Inventory Adj - Stock Status to Physical,E,18-Sep,0,0,474.95,53728.26,Site ID: 1,-53253.31,5200.14
5550-300,Inventory Adjustment - Other,E,18-Sep,0,0,6197.25,140930.37,Site ID: 1,-134733.12,5200.14
5550-400,Purchase Receipt Variance - PPV,E,18-Sep,0,0,82013.29,88171.6,Site ID: 1,-6158.31,5100.101
5555-100,Finished Goods Variance - Material,E,18-Sep,0,0,24675.02,2143.55,Site ID: 1,22531.47,5100.101
5555-200,Finished Goods Variance - Labor,E,18-Sep,0,0,112753.98,93336.16,Site ID: 1,19417.82,5100.101
5555-300,Finished Goods Variance - Burden,E,18-Sep,0,0,1142.02,56865.4,Site ID: 1,-55723.38,5100.101
5555-400,Finished Goods Variance - Service,E,18-Sep,0,0,0,941.75,Site ID: 1,-941.75,5100.101
5600-000,Labor Variance,E,18-Sep,0,0,77585.19,6125.84,Site ID: 1,71459.35,5300.11
6101-210,Salaries & Wages - MATERIAL HANDLING,E,18-Sep,0,0,71604.36,0,Site ID: 1,71604.36,5300.11
6101-270,Salaries & Wages - ENGINEERING,E,18-Sep,0,0,253646.19,0,Site ID: 1,253646.19,6300.101
6101-290,Salaries & Wages - GENERAL FACTORY,E,18-Sep,0,0,112312.96,7099.88,Site ID: 1,105213.08,5400.201
6102-110,Leadman  - MACHINE SHOP,E,18-Sep,0,0,0,0,Site ID: 1,0,
6102-120,Leadman  - CONDENSATE ASSY,E,18-Sep,0,0,0,0,Site ID: 1,0,
6102-150,Leadman  - VENT ASSY,E,18-Sep,0,0,649.75,649.75,Site ID: 1,0,
6102-290,Leadman  - GENERAL FACTORY,E,18-Sep,0,0,0,0,Site ID: 1,0,
6103-110,Indirect Labor - MACHINE SHOP,E,18-Sep,0,0,0,0,Site ID: 1,0,
6103-120,Indirect Labor - CONDENSATE ASSY,E,18-Sep,0,0,0,0,Site ID: 1,0,
6103-130,Indirect Labor - WELDING,E,18-Sep,0,0,0,0,Site ID: 1,0,
6103-140,Indirect Labor - PANEL DEPT,E,18-Sep,0,0,0,0,Site ID: 1,0,
6103-150,Indirect Labor - VENT ASSY,E,18-Sep,0,0,0,0,Site ID: 1,0,
6103-290,Indirect Labor - GENERAL FACTORY,E,18-Sep,0,0,8636.21,0,Site ID: 1,8636.21,5300.54
6105-110,SET-UP Labor - MACHINE SHOP,E,18-Sep,0,0,483.22,0,Site ID: 1,483.22,5100.102
6105-120,SET-UP Labor - CONDENSATE ASSY,E,18-Sep,0,0,3855.84,0,Site ID: 1,3855.84,5100.102
6105-150,SET-UP Labor - VENT ASSY,E,18-Sep,0,0,392.06,0,Site ID: 1,392.06,5100.102
6106-110,MATERIAL HANDLING - MACHINE SHOP,E,18-Sep,0,0,4014.02,0,Site ID: 1,4014.02,5300.54
6106-120,MATERIAL HANDLING - CONDENSATE ASSY,E,18-Sep,0,0,19604.12,0,Site ID: 1,19604.12,5300.54
6106-150,MATERIAL HANDLING - VENT ASSY,E,18-Sep,0,0,4644.05,0,Site ID: 1,4644.05,5300.54
6106-210,MATERIAL HANDLING,E,18-Sep,0,0,16944.38,0,Site ID: 1,16944.38,5300.54
6107-110,Inventory Labor - MACHINE SHOP,E,18-Sep,0,0,0,0,Site ID: 1,0,5300.57
6107-120,Inventory Labor - CONDENSATE ASSY,E,18-Sep,0,0,0,0,Site ID: 1,0,5300.57
6107-150,Inventory Labor - VENT ASSY,E,18-Sep,0,0,0,0,Site ID: 1,0,5300.57
6107-210,Inventory Labor - MATERIAL HANDLING,E,18-Sep,0,0,0,0,Site ID: 1,0,5300.57
6107-290,Inventory Labor - GENERAL FACTORY,E,18-Sep,0,0,0,0,Site ID: 1,0,5300.57
6108-110,Inspection - MACHINE SHOP,E,18-Sep,0,0,0,0,Site ID: 1,0,5300.56
6108-120,Inspection - CONDENSATE ASSY,E,18-Sep,0,0,9.75,0,Site ID: 1,9.75,5300.56
6108-150,Inspection - VENT ASSY,E,18-Sep,0,0,7.17,0,Site ID: 1,7.17,5300.56
6108-290,Inspection - GENERAL FACTORY,E,18-Sep,0,0,124.94,0,Site ID: 1,124.94,5300.56
6111-110,Maintenance Repair Labor - MACHINE SHOP,E,18-Sep,0,0,1793.19,0,Site ID: 1,1793.19,5300.53
6111-120,Maintenance Repair Labor - CONDENSATE AS,E,18-Sep,0,0,830.83,0,Site ID: 1,830.83,5300.53
6111-150,Maintenance Repair Labor - VENT ASSY,E,18-Sep,0,0,228.9,0,Site ID: 1,228.9,5300.53
6111-210,Maintenance Repair Labor - MATERIAL HAND,E,18-Sep,0,0,0,0,Site ID: 1,0,5300.53
6111-290,Maintenance Repair Labor - GENERAL FACTO,E,18-Sep,0,0,272.75,0,Site ID: 1,272.75,5300.53
6115-110,Relocation Labor - MACHINE SHOP,E,18-Sep,0,0,0,0,Site ID: 1,0,
6115-150,Relocation Labor - VENT ASSY,E,18-Sep,0,0,0,0,Site ID: 1,0,
6115-290,Relocation Labor - GENERAL FACTORY,E,18-Sep,0,0,0,0,Site ID: 1,0,
6116-110,Janitor - MACHINE SHOP,E,18-Sep,0,0,0,0,Site ID: 1,0,5300.85
6116-120,Janitor - CONDENSATE ASSY,E,18-Sep,0,0,14.3,0,Site ID: 1,14.3,5300.85
6116-150,Janitor - VENT ASSY,E,18-Sep,0,0,2.2,0,Site ID: 1,2.2,5300.85
6116-210,Janitor - MATERIAL HANDLING,E,18-Sep,0,0,0,0,Site ID: 1,0,5300.85
6116-290,Janitor - GENERAL FACTORY,E,18-Sep,0,0,12434,0,Site ID: 1,12434,5300.85
6118-110,Clean Up - MACHINE SHOP,E,18-Sep,0,0,1172.93,0,Site ID: 1,1172.93,5300.85
6118-120,Clean Up - CONDENSATE ASSY,E,18-Sep,0,0,2666.99,0,Site ID: 1,2666.99,5300.85
6118-150,Clean Up - VENT ASSY,E,18-Sep,0,0,947.04,0,Site ID: 1,947.04,5300.85
6118-210,Clean Up - MATERIAL HANDLING,E,18-Sep,0,0,2.95,0,Site ID: 1,2.95,5300.85
6118-290,Clean Up - GENERAL FACTORY,E,18-Sep,0,0,1866.37,0,Site ID: 1,1866.37,5300.85
6121-110,Rework - MACHINE SHOP,E,18-Sep,0,0,100.73,0,Site ID: 1,100.73,5300.51
6121-120,Rework - CONDENSATE ASSY,E,18-Sep,0,0,448.86,0,Site ID: 1,448.86,5300.51
6121-150,Rework - VENT ASSY,E,18-Sep,0,0,122.69,0,Site ID: 1,122.69,5300.51
6122-110,Training - MACHINE SHOP,E,18-Sep,0,0,622.04,0,Site ID: 1,622.04,5300.52
6122-120,Training - CONDENSATE ASSY,E,18-Sep,0,0,5993.44,0,Site ID: 1,5993.44,5300.52
6122-150,Training - VENT ASSY,E,18-Sep,0,0,896.67,0,Site ID: 1,896.67,5300.52
6122-210,Training - MATERIAL HANDLING,E,18-Sep,0,0,0,0,Site ID: 1,0,5300.52
6122-290,Training - GENERAL FACTORY,E,18-Sep,0,0,1312.21,0,Site ID: 1,1312.21,5300.52
6124-110,Conversion - MACHINE SHOP,E,18-Sep,0,0,0,0,Site ID: 1,0,5300.54
6124-120,Conversion - CONDENSATE ASSY,E,18-Sep,0,0,61.75,0,Site ID: 1,61.75,5300.54
6124-150,Conversion - VENT ASSY,E,18-Sep,0,0,0,0,Site ID: 1,0,5300.54
6126-110,Waiting - MACHINE SHOP,E,18-Sep,0,0,1815.01,0,Site ID: 1,1815.01,5300.54
6126-120,Waiting - CONDENSATE ASSY,E,18-Sep,0,0,5496.04,0,Site ID: 1,5496.04,5300.54
6126-150,Waiting - VENT ASSY,E,18-Sep,0,0,389.56,0,Site ID: 1,389.56,5300.54
6128-110,Bad Material - MACHINE SHOP,E,18-Sep,0,0,15.12,0,Site ID: 1,15.12,5300.54
6128-120,Bad Material - CONDENSATE ASSY,E,18-Sep,0,0,19,0,Site ID: 1,19,5300.54
6130-110,Machine Downtime - MACHINE SHOP,E,18-Sep,0,0,0,0,Site ID: 1,0,5300.54
6130-120,Machine Downtime - CONDENSATE ASSY,E,18-Sep,0,0,277.54,0,Site ID: 1,277.54,5300.54
6130-150,Machine Downtime - VENT ASSY,E,18-Sep,0,0,6.96,0,Site ID: 1,6.96,5300.54
6131-110,Overtime Premuim - MACHINE SHOP,E,18-Sep,0,0,3754.69,0,Site ID: 1,3754.69,5300.12
6131-120,Overtime Premium - CONDENSATE ASSY,E,18-Sep,0,0,19903.26,0,Site ID: 1,19903.26,5300.12
6131-150,Overtime Premium - VENT ASSY,E,18-Sep,0,0,2696.45,0,Site ID: 1,2696.45,5300.12
6131-210,Overtime Premium - MATERIAL HANDLING,E,18-Sep,0,0,195.08,0,Site ID: 1,195.08,5300.12
6131-290,Overtime Premium - GENERAL FACTORY,E,18-Sep,0,0,4677.83,0,Site ID: 1,4677.83,5300.12
6132-110,Shift Premium - MACHINE SHOP,E,18-Sep,0,0,0,0,Site ID: 1,0,
6132-120,Shift Premium - CONDENSATE ASSY,E,18-Sep,0,0,0,0,Site ID: 1,0,
6132-150,Shift Premium - VENT ASSY,E,18-Sep,0,0,0,0,Site ID: 1,0,
6132-210,Shift Premium - MATERIAL HANDLING,E,18-Sep,0,0,0,0,Site ID: 1,0,
6132-290,Shift Premium - GENERAL FACTORY,E,18-Sep,0,0,0,0,Site ID: 1,0,
6138-110,Experimental Labor - MACHINE SHOP,E,18-Sep,0,0,0,0,Site ID: 1,0,
6138-120,Experimental Labor - CONDENSATE ASSY,E,18-Sep,0,0,42.75,0,Site ID: 1,42.75,5300.51
6139-110,Scrap Salvage Labor,E,18-Sep,0,0,0,0,Site ID: 1,0,5300.51
6139-120,Scrap Salvage Labor,E,18-Sep,0,0,28.46,0,Site ID: 1,28.46,5300.51
6140-110,Vacation Pay - MACHINE SHOP,E,18-Sep,0,0,5034.93,0,Site ID: 1,5034.93,5400.301
6140-120,Vacation Pay - CONDENSATE ASSY,E,18-Sep,0,0,22617.52,0,Site ID: 1,22617.52,5400.301
6140-150,Vacation Pay - VENT ASSY,E,18-Sep,0,0,3947.36,0,Site ID: 1,3947.36,5400.301
6140-210,Vacation Pay - MATERIAL HANDLING,E,18-Sep,0,0,1156,0,Site ID: 1,1156,5400.301
6140-270,Vacation Pay - ENGINEERING,E,18-Sep,0,0,0,0,Site ID: 1,0,5400.301
6140-290,Vacation Pay - GENERAL FACTORY,E,18-Sep,0,0,1690.4,11487.56,Site ID: 1,-9797.16,5400.301
6142-110,Holiday Pay - MACHINE SHOP,E,18-Sep,0,0,3708.88,0,Site ID: 1,3708.88,5400.301
6142-120,Holiday Pay - CONDENSATE ASSY,E,18-Sep,0,0,14940.56,0,Site ID: 1,14940.56,5400.301
6142-150,Holiday Pay - VENT ASSY,E,18-Sep,0,0,2138.72,0,Site ID: 1,2138.72,5400.301
6142-210,Holiday Pay - MATERIAL HANDLING,E,18-Sep,0,0,924.8,0,Site ID: 1,924.8,5400.301
6142-290,Holiday Pay - GENERAL FACTORY,E,18-Sep,0,0,2021.76,0,Site ID: 1,2021.76,5400.301
6145-110,Casual Pay - MACHINE SHOP,E,18-Sep,0,0,815.68,0,Site ID: 1,815.68,5400.301
6145-120,Casual Pay - CONDENSATE ASSY,E,18-Sep,0,0,2603.76,0,Site ID: 1,2603.76,5400.301
6145-150,Casual Pay - VENT ASSY,E,18-Sep,0,0,251.6,0,Site ID: 1,251.6,5400.301
6145-210,Casual Pay - MATERIAL HANDLING,E,18-Sep,0,0,115.6,0,Site ID: 1,115.6,5400.301
6145-290,Casual Pay - GENERAL FACTORY,E,18-Sep,0,0,176,0,Site ID: 1,176,5400.301
6147-110,Bereavement Pay - MACHINE SHOP,E,18-Sep,0,0,0,0,Site ID: 1,0,5300.55
6147-120,Bereavement Pay - CONDENSATE ASSY,E,18-Sep,0,0,0,0,Site ID: 1,0,5300.55
6147-150,Bereavement Pay - VENT ASSY,E,18-Sep,0,0,0,0,Site ID: 1,0,5300.55
6147-210,Bereavement Pay - MATERIAL HANDLING,E,18-Sep,0,0,0,0,Site ID: 1,0,5300.55
6147-290,Bereavement Pay - GENERAL FACTORY,E,18-Sep,0,0,0,0,Site ID: 1,0,5300.55
6148-110,Jury Duty Pay -  MACHINE SHOP,E,18-Sep,0,0,0,0,Site ID: 1,0,5300.55
6148-120,Jury Duty Pay - CONDENSATE ASSY,E,18-Sep,0,0,0,0,Site ID: 1,0,5300.55
6148-150,Jury Duty Pay - VENT ASSY,E,18-Sep,0,0,0,0,Site ID: 1,0,5300.55
6148-210,Jury Duty Pay - MATERIAL HANDLING,E,18-Sep,0,0,0,0,Site ID: 1,0,5300.55
6148-290,Jury Duty Pay - GENERAL FACTORY,E,18-Sep,0,0,0,0,Site ID: 1,0,5300.55
6149-110,Committee Meetings - MACHINE SHOP,E,18-Sep,0,0,398.93,0,Site ID: 1,398.93,5300.55
6149-120,Committee Meetings - CONDENSATE ASSY,E,18-Sep,0,0,1014.46,0,Site ID: 1,1014.46,5300.55
6149-150,Committee Meeting - VENT ASSY,E,18-Sep,0,0,452.82,0,Site ID: 1,452.82,5300.55
6149-210,Committee Meetings - MATERIAL HANDLING,E,18-Sep,0,0,14.45,0,Site ID: 1,14.45,5300.55
6149-290,Committee Meetings - GENERAL FACTORY,E,18-Sep,0,0,286.84,0,Site ID: 1,286.84,5300.55
6202-110,Payroll Taxes - MACHINE SHOP,E,18-Sep,0,0,8903.86,19.75,Site ID: 1,8884.11,5400.302
6202-120,Payroll Taxes - CONDENSATE ASSY,E,18-Sep,0,0,35305.81,65.45,Site ID: 1,35240.36,5400.302
6202-150,Payroll Taxes - VENT ASSY,E,18-Sep,0,0,4850.48,9.78,Site ID: 1,4840.7,5400.302
6202-210,Payroll Taxes - MATERIAL HANDLING,E,18-Sep,0,0,7862.02,14.15,Site ID: 1,7847.87,5400.302
6202-270,Payroll Taxes - ENGINEERING,E,18-Sep,0,0,19906.46,21.95,Site ID: 1,19884.51,6300.103
6202-290,Payroll Taxes - GENERAL FACTORY,E,18-Sep,0,0,15581.89,30.55,Site ID: 1,15551.34,5400.302
6203-110,Group Med/Dental - MACHINE SHOP,E,18-Sep,0,0,64186.11,9068.68,Site ID: 1,55117.43,5400.303
6203-120,Group Med/Dental - CONDENSATE ASSY,E,18-Sep,0,0,112828.52,19852.29,Site ID: 1,92976.23,5400.303
6203-150,Group Med/Dental - VENT ASSY,E,18-Sep,0,0,6946.72,2920.76,Site ID: 1,4025.96,5400.303
6203-210,Group Med/Dental - MATERIAL HANDLING,E,18-Sep,0,0,13723.4,2474.13,Site ID: 1,11249.27,5400.303
6203-270,Group Med/Dental - ENGINEERING,E,18-Sep,0,0,28643.43,7271.82,Site ID: 1,21371.61,6300.104
6203-290,Group Med/Dental - GENERAL FACTORY,E,18-Sep,0,0,33325.75,5539.9,Site ID: 1,27785.85,5400.303
6204-110,Employee Welfare - MACHINE SHOP,E,18-Sep,0,0,0,0,Site ID: 1,0,
6204-120,Employee Welfare - CONDENSATE ASSY,E,18-Sep,0,0,140,0,Site ID: 1,140,5400.405
6204-150,Employee Welfare - VENT ASSY,E,18-Sep,0,0,0,0,Site ID: 1,0,
6204-210,Employee Welfare - MATERIAL HANDLING,E,18-Sep,0,0,0,0,Site ID: 1,0,
6204-270,Employee Welfare - ENGINEERING,E,18-Sep,0,0,0,0,Site ID: 1,0,
6204-290,Employee Welfare - GENERAL FACTORY,E,18-Sep,0,0,6730.77,2286.85,Site ID: 1,4443.92,5400.405
6205-110,Worker Comp Ins - MACHINE SHOP,E,18-Sep,0,0,0,0,Site ID: 1,0,
6205-120,Worker Comp Ins - CONDENSATE ASSY,E,18-Sep,0,0,0,0,Site ID: 1,0,
6205-150,Worker Comp Ins - VENT ASSY,E,18-Sep,0,0,0,0,Site ID: 1,0,
6205-210,Worker Comp Ins - MATERIAL HANDLING,E,18-Sep,0,0,0,0,Site ID: 1,0,5400.419
6205-270,Worker Comp Ins - ENGINEERING,E,18-Sep,0,0,0,0,Site ID: 1,0,
6205-290,Worker Comp Ins - GENERAL FACTORY,E,18-Sep,0,0,15845,0,Site ID: 1,15845,5400.419
6206-110,401k Match - MACHINE SHOP,E,18-Sep,0,0,1715.78,0,Site ID: 1,1715.78,5400.305
6206-120,401k Match - CONDENSATE ASSY,E,18-Sep,0,0,7095.5,0,Site ID: 1,7095.5,5400.305
6206-150,401k Match - VENT ASSY,E,18-Sep,0,0,1303.65,0,Site ID: 1,1303.65,5400.305
6206-210,401k Match - MATERIAL HANDLING,E,18-Sep,0,0,620.4,0,Site ID: 1,620.4,5400.305
6206-270,401k Match - ENGINEERING,E,18-Sep,0,0,3617.32,0,Site ID: 1,3617.32,6300.106
6206-290,401k Match - GENERAL FACTORY,E,18-Sep,0,0,4744.69,0,Site ID: 1,4744.69,5400.305
6207-110,Group Life Ins - MACHINE SHOP,E,18-Sep,0,0,0,0,Site ID: 1,0,
6207-120,Group Life Ins - CONDENSATE ASSY,E,18-Sep,0,0,0,0,Site ID: 1,0,
6207-150,Group Life Ins - VENT ASSY,E,18-Sep,0,0,0,0,Site ID: 1,0,
6207-210,Group Life Ins - MATERIAL HANDLING,E,18-Sep,0,0,0,0,Site ID: 1,0,
6207-270,Group Life Ins - ENGINEERING,E,18-Sep,0,0,0,0,Site ID: 1,0,
6207-290,Group Life Ins - GENERAL FACTORY,E,18-Sep,0,0,0,0,Site ID: 1,0,
6219-290,Factory Retention Incentive,E,18-Sep,0,0,0,0,Site ID: 1,0,
6301-120,Pkg & Ship Supply CONDENSATE ASSY,E,18-Sep,0,0,40473.57,1679.66,Site ID: 1,38793.91,5400.103
6301-150,Pkg & Ship Supply - VENT ASSY,E,18-Sep,0,0,0,0,Site ID: 1,0,5400.103
6301-290,Pkg & Ship Supply - GENERAL FACTORY,E,18-Sep,0,0,41691.98,52.24,Site ID: 1,41639.74,5400.103
6302-110,Shop Supplies - MACHINE SHOP,E,18-Sep,0,0,5332.41,1.14,Site ID: 1,5331.27,5400.105
6302-120,Shop Supplies - CONDENSATE ASSY,E,18-Sep,0,0,15884.21,3613.36,Site ID: 1,12270.85,5400.105
6302-150,Shop Supplies - VENT ASSY,E,18-Sep,0,0,2301.05,0,Site ID: 1,2301.05,5400.105
6302-290,Shop Supplies - GENERAL FACTORY,E,18-Sep,0,0,39106.59,5580.04,Site ID: 1,33526.55,5400.105
6304-110,Product Supplies -  MACHINE SHOP,E,18-Sep,0,0,3.21,0,Site ID: 1,5400.1,5400.105
6304-120,Product Supplies - CONDENSATE ASSY,E,18-Sep,0,0,69319.18,3200.15,Site ID: 1,5400.1,5400.105
6304-150,Product Supplies - VENT ASSY,E,18-Sep,0,0,507.08,0,Site ID: 1,5400.1,5400.105
6304-290,Product Supplies - GENERAL FACTORY,E,18-Sep,0,0,15176.19,543.84,Site ID: 1,5400.1,5400.105
6309-110,Relocation - MACHINE SHOP,E,18-Sep,0,0,0,0,Site ID: 1,0,
6309-150,Relocation - VENT ASSY,E,18-Sep,0,0,0,0,Site ID: 1,0,
6309-290,Relocation - GENERAL FACTORY,E,18-Sep,0,0,0,0,Site ID: 1,0,
6310-110,"Tool, Die, Patterns - MACHINE SHOP",E,18-Sep,0,0,27465.91,331.58,Site ID: 1,27134.33,5400.104
6310-120,"Tool, Die, Patterns - CONDENSATE ASSY",E,18-Sep,0,0,0,0,Site ID: 1,0,
6310-150,"Tool, Die, Patterns - VENT ASSY",E,18-Sep,0,0,0,0,Site ID: 1,0,
6310-290,"Tool, Die, Patterns - GENERAL FACTORY",E,18-Sep,0,0,2380,180,Site ID: 1,2200,5400.104
6311-110,Obsolete Material - MACHINE SHOP,E,18-Sep,0,0,0,0,Site ID: 1,0,
6311-120,Obsolete Material - CONDENSATE ASSY,E,18-Sep,0,0,0,0,Site ID: 1,0,
6311-150,Obsolete Material - VENT ASSY,E,18-Sep,0,0,0,0,Site ID: 1,0,
6311-270,Obsolete Material - ENGINEERING,E,18-Sep,0,0,0,0,Site ID: 1,0,
6311-290,Obsolete Material - GENERAL FACTORY,E,18-Sep,0,0,0,0,Site ID: 1,0,
6312-110,Scrap -  MACHINE SHOP,E,18-Sep,0,0,2079.69,0,Site ID: 1,2079.69,5200.12
6312-120,Scrap - CONDENSATE ASSY,E,18-Sep,0,0,105.29,0,Site ID: 1,105.29,5200.12
6312-150,Scrap - VENT ASSY,E,18-Sep,0,0,399.55,0,Site ID: 1,399.55,5200.12
6312-210,Scrap - MATERIAL HANDLING,E,18-Sep,0,0,0,0,Site ID: 1,0,
6312-270,Scrap - ENGINEERING,E,18-Sep,0,0,0,0,Site ID: 1,0,
6312-290,Scrap - GENERAL FACTORY,E,18-Sep,0,0,189.96,0,Site ID: 1,189.96,5200.12
6314-290,Scrap Recovery,E,18-Sep,0,0,0,4461.3,Site ID: 1,-4461.3,4900.11
6316-110,Factory Maintenance - MACHINE SHOP,E,18-Sep,0,0,2979.25,2300,Site ID: 1,679.25,5400.415
6316-120,Factory Maintenance - CONDENSATE ASSY,E,18-Sep,0,0,0,0,Site ID: 1,0,
6316-150,Factory Maintenance - VENT ASSY,E,18-Sep,0,0,0,0,Site ID: 1,0,
6316-290,Factory Maintenance - GENERAL FACTORY,E,18-Sep,0,0,33284.18,33.61,Site ID: 1,33250.57,5400.415
6317-290,Facility Repair,E,18-Sep,0,0,1709.12,0,Site ID: 1,1709.12,5400.414
6319-150,Restocking- VENT ASSY,E,18-Sep,0,0,0,0,Site ID: 1,0,
6319-210,Restocking,E,18-Sep,0,0,0,0,Site ID: 1,0,
6320-290,Rental equipment,E,18-Sep,0,0,1230.82,0,Site ID: 1,1230.82,5400.406
6325-290,Purchase Cash Discounts ,E,18-Sep,0,0,0,9235.98,Site ID: 1,-9235.98,4900.14
6328-270,Research & Development,E,18-Sep,0,0,222.72,26,Site ID: 1,196.72,5400.413
6329-290,Freight & Postage - GENERAL FACTORY,E,18-Sep,0,0,1560.24,0,Site ID: 1,1560.24,5400.101
6330-150,Travel & Lodging - VENT ASSY,E,18-Sep,0,0,0,0,Site ID: 1,0,
6330-210,Travel & Lodging - MATERIAL HANDLING,E,18-Sep,0,0,0,0,Site ID: 1,0,
6330-270,Travel & Lodging - ENGINEERING,E,18-Sep,0,0,0,0,Site ID: 1,0,
6330-290,Travel & Lodging - GENERAL FACTORY,E,18-Sep,0,0,43.6,0,Site ID: 1,43.6,5400.418
6332-210,Business Meals & Ent - MATERIAL HANDLING,E,18-Sep,0,0,0,0,Site ID: 1,0,
6332-270,Business Meals & Ent - ENGINEERING,E,18-Sep,0,0,0,0,Site ID: 1,0,
6332-290,Business Meals & Ent - GENERAL FACTORY,E,18-Sep,0,0,227.28,121.75,Site ID: 1,105.53,5400.407
6335-290,Auto & Truck Expense - GENERAL FACTORY,E,18-Sep,0,0,597.38,0,Site ID: 1,597.38,5400.401
6337-210,Telephone Expense - MATERIAL HANDLING,E,18-Sep,0,0,0,0,Site ID: 1,0,
6337-290,Telephone Expense - GENERAL FACTORY,E,18-Sep,0,0,0,0,Site ID: 1,0,
6340-000,License Fee Expense,E,18-Sep,0,0,0,0,Site ID: 1,0,
6349-270,Training / Seminar,E,18-Sep,0,0,55,0,Site ID: 1,55,5400.417
6350-290,Miscellaneous Expense - GENERAL FACTORY,E,18-Sep,0,0,1040.43,1040.43,Site ID: 1,0,
6352-290,Outside Services - GENERAL FACTORY,E,18-Sep,0,0,65570.85,3352.13,Site ID: 1,62218.72,5400.41
6353-270,Dues & Subscriptions - ENGINEERING,E,18-Sep,0,0,0,0,Site ID: 1,0,
6353-290,Dues & Subscriptions - GENERAL FACTORY,E,18-Sep,0,0,210.12,0,Site ID: 1,210.12,5400.404
6354-290,Safety Promotion,E,18-Sep,0,0,0,0,Site ID: 1,0,
6360-290,Warranty,E,18-Sep,0,0,10000,5000,Site ID: 1,5000,5400.106
6400-290,Utilities - Water/gas,E,18-Sep,0,0,17668.85,0,Site ID: 1,17668.85,5400.408
6401-290,Utilities - Electricity,E,18-Sep,0,0,37570.9,0,Site ID: 1,37570.9,5400.408
6405-290,Property Tax,E,18-Sep,0,0,23360,0,Site ID: 1,23360,5400.412
6410-290,Rent on Facility,E,18-Sep,0,0,96666.64,0,Site ID: 1,96666.64,5400.402
6415-290,Other Insurance,E,18-Sep,0,0,18133.28,0,Site ID: 1,18133.28,5400.411
6420-290,Depreciation Leasehold Impr,E,18-Sep,0,0,70008.98,0,Site ID: 1,70008.98,5400.403
6421-290,Depreciation Leasehold Impr Post Aqu,E,18-Sep,0,0,0,0,Site ID: 1,0,
6423-290,Depreciation Equip & Other,E,18-Sep,0,0,0,0,Site ID: 1,0,
6424-290,Depreciation Equip & Other Post Aqu,E,18-Sep,0,0,0,0,Site ID: 1,0,
6425-110,Space Assessment - MACHINE SHOP,E,18-Sep,0,0,68000,0,Site ID: 1,68000,5400.99
6425-120,Space Assessment - CONDENSATE ASSY,E,18-Sep,0,0,88000,0,Site ID: 1,88000,5400.99
6425-150,Space Assessment - VENT ASSY,E,18-Sep,0,0,24000,0,Site ID: 1,24000,5400.9
6425-210,Space Assessment,E,18-Sep,0,0,14000,0,Site ID: 1,14000,5400.99
6425-270,Space Assessment - ENGINEERING,E,18-Sep,0,0,8000,0,Site ID: 1,8000,6300.29
6425-290,Space Assessment - GENERAL FACTORY,E,18-Sep,0,0,0,216800,Site ID: 1,-216800,5400.99
6490-290,Shared Facility Cost Due,E,18-Sep,0,0,0,0,Site ID: 1,0,
6510-000,Overhead Absorption - FACTORY,E,18-Sep,0,0,0,1556892.08,Site ID: 1,-1556892.08,5400.999
6510-110,Overhead Absorption - MACHINE SHOP,E,18-Sep,0,0,0,0,Site ID: 1,0,
6510-120,Overhead Absorption - CONDENSATE ASSY,E,18-Sep,0,0,0,0,Site ID: 1,0,
6510-150,Overhead Absorption - VENT ASSY,E,18-Sep,0,0,0,0,Site ID: 1,0,
7101-510,Salaries & Wages - ADMINISTRATIVE,E,18-Sep,0,0,254215.22,45850.14,Site ID: 1,208365.08,6100.101
7101-520,Salaries & Wages -  ACCOUNTING,E,18-Sep,0,0,161958.99,4415.4,Site ID: 1,157543.59,6100.101
7101-530,Salaries & Wages -  SALES,E,18-Sep,0,0,369230.14,0,Site ID: 1,369230.14,6400.101
7140-510,Vacation Pay - ADMINISTRATIVE,E,18-Sep,0,0,0,4368.6,Site ID: 1,-4368.6,6100.101
7140-520,Vacation Pay - ACCOUNTING,E,18-Sep,0,0,0,4303.3,Site ID: 1,-4303.3,6400.101
7140-530,Vacation Pay - SALES,E,18-Sep,0,0,0,0,Site ID: 1,0,
7202-510,Payroll Taxes - ADMINISTRATIVE,E,18-Sep,0,0,19021.43,22.23,Site ID: 1,18999.2,6100.103
7202-520,Payroll Taxes  - ACCOUNTING,E,18-Sep,0,0,11932.04,14.5,Site ID: 1,11917.54,6100.103
7202-530,Payroll Taxes  - SALES,E,18-Sep,0,0,24910.78,44.72,Site ID: 1,24866.06,6400.103
7203-510,Group Med/Dental - ADMINISTRATIVE,E,18-Sep,0,0,33094.93,4232.27,Site ID: 1,28862.66,6100.104
7203-520,Group Med/Dental  - ACCOUNTING,E,18-Sep,0,0,14837.22,1753.47,Site ID: 1,13083.75,6100.104
7203-530,Group Med/Dental  - SALES,E,18-Sep,0,0,59586.46,10971.3,Site ID: 1,48615.16,6400.104
7204-510,Employee Welfare - ADMINISTRATIVE,E,18-Sep,0,0,9031.38,0,Site ID: 1,9031.38,6100.22
7204-520,Employee Welfare  - ACCOUNTING,E,18-Sep,0,0,673.05,0,Site ID: 1,673.05,6100.22
7204-530,Employee Welfare  - SALES,E,18-Sep,0,0,1550.45,0,Site ID: 1,1550.45,6400.22
7205-510,Worker Comp Ins - ADMINISTRATIVE,E,18-Sep,0,0,402.57,192.8,Site ID: 1,209.77,5400.419
7205-520,Worker Comp Ins  - ACCOUNTING,E,18-Sep,0,0,2779.06,0,Site ID: 1,2779.06,5400.419
7205-530,Worker Comp Ins  - SALES,E,18-Sep,0,0,4679.86,0,Site ID: 1,4679.86,5400.419
7206-510,401k Match - ADMINISTRATIVE,E,18-Sep,0,0,1560.5,0,Site ID: 1,1560.5,6100.106
7206-520,401k Match  - ACCOUNTING,E,18-Sep,0,0,2085.65,0,Site ID: 1,2085.65,6100.106
7206-530,401k Match  - SALES,E,18-Sep,0,0,10393.25,0,Site ID: 1,10393.25,6400.106
7207-510,Group Life Ins - ADMINISTRATIVE,E,18-Sep,0,0,0,0,Site ID: 1,0,
7207-520,Group Life Ins  - ACCOUNTING,E,18-Sep,0,0,0,0,Site ID: 1,0,
7207-530,Group Life Ins  - SALES,E,18-Sep,0,0,0,0,Site ID: 1,0,
7208-510,Long Term Disablity Insurance - ADMINIST,E,18-Sep,0,0,0,0,Site ID: 1,0,
7208-520,Long Term Disablity Insurance  - ACCOUNT,E,18-Sep,0,0,0,0,Site ID: 1,0,
7208-530,Long Term Disablity Insurance  - SALES,E,18-Sep,0,0,0,0,Site ID: 1,0,
7305-520,Computer Expense,E,18-Sep,0,0,113817.69,6511.76,Site ID: 1,107305.93,6100.213
7306-510,Office Supplies - ADMINISTRATIVE,E,18-Sep,0,0,1262.17,45.94,Site ID: 1,1216.23,6100.207
7306-530,Office Supplies - SALES,E,18-Sep,0,0,17661.43,1057.22,Site ID: 1,16604.21,6400.207
7320-510,Rental Equipment - ADMINISTRATIVE,E,18-Sep,0,0,0,0,Site ID: 1,0,
7320-520,Rental Equipment - ACCOUNTING,E,18-Sep,0,0,0,0,Site ID: 1,0,
7320-530,Rental Equipment - SALES,E,18-Sep,0,0,0,0,Site ID: 1,0,
7329-510,Freight & Postage - ADMINISTRATIVE,E,18-Sep,0,0,109.56,0,Site ID: 1,109.56,6100.207
7329-530,Freight & Postage - SALES,E,18-Sep,0,0,386.48,0,Site ID: 1,386.48,6400.207
7330-510,Travel & Lodging - ADMINISTRATIVE,E,18-Sep,0,0,5739.71,390.57,Site ID: 1,5349.14,6100.201
7330-520,Travel & Lodging - ACCOUNTING,E,18-Sep,0,0,0,0,Site ID: 1,0,6100.201
7330-530,Travel & Lodging - SALES,E,18-Sep,0,0,13617.18,1840.92,Site ID: 1,11776.26,6400.201
7332-510,Business Meals & Ent - ADMINISTRATIVE,E,18-Sep,0,0,12242.98,3254,Site ID: 1,8988.98,6100.202
7332-520,Business Meals & Ent - ACCOUNTING,E,18-Sep,0,0,55.8,0,Site ID: 1,55.8,6100.202
7332-530,Business Meals & Ent - SALES,E,18-Sep,0,0,6604.12,1106.69,Site ID: 1,5497.43,6400.202
7335-510,Auto & Truck Expense - ADMINISTRATIVE,E,18-Sep,0,0,13578.56,257.32,Site ID: 1,13321.24,6100.203
7335-530,Auto & Truck Expense - SALES,E,18-Sep,0,0,21242.56,1403.17,Site ID: 1,19839.39,6400.203
7337-510,Telephone Expense - ADMINISTRATIVE,E,18-Sep,0,0,635.04,10.05,Site ID: 1,624.99,6100.21
7337-530,Telephone Expense - SALES,E,18-Sep,0,0,14918.63,121.19,Site ID: 1,14797.44,6400.21
7340-530,Product Liability Insurance,E,18-Sep,0,0,10666.64,0,Site ID: 1,10666.64,5400.421
7341-530,Sales Literature,E,18-Sep,0,0,22698.88,2906.26,Site ID: 1,19792.62,6400.23
7342-530,Outside Commissions - Other,E,18-Sep,0,0,12563.88,0,Site ID: 1,12563.88,6400.25
7343-530,Advertising & Sales Promotions,E,18-Sep,0,0,23550.93,10016.3,Site ID: 1,13534.63,6400.23
7344-530,Trade Show Expenses,E,18-Sep,0,0,21055.44,696.45,Site ID: 1,20358.99,6400.231
7345-530,Sales Training  & Promotions,E,18-Sep,0,0,2771.14,875,Site ID: 1,1896.14,6400.23
7346-530,Marketing (Formerly Display Stands),E,18-Sep,0,0,0,0,Site ID: 1,0,
7347-530,Rep Council - FCP SALES,E,18-Sep,0,0,0,0,Site ID: 1,0,
7348-530,Rep Incentive,E,18-Sep,0,0,107800,0,Site ID: 1,107800,6400.24
7349-510,Training/Consulting - ADMINISTRATIVE,E,18-Sep,0,0,360,0,Site ID: 1,360,6100.214
7349-530,Training / Consulting - Sales,E,18-Sep,0,0,99,99,Site ID: 1,0,
7350-510,Miscellaneous Expense ADMINISTRATIVE,E,18-Sep,0,0,1452.6,125.8,Site ID: 1,1326.8,6100.207
7350-520,Miscellaneous Expense  ACCOUNTING,E,18-Sep,0,0,0,0,Site ID: 1,0,
7350-530,Miscellaneous Expense  SALES,E,18-Sep,0,0,975,975,Site ID: 1,0,
7351-510,Relocation Expense ADMINISTRATIVE,E,18-Sep,0,0,0,0,Site ID: 1,0,
7351-530,Relocation Expense SALES,E,18-Sep,0,0,0,0,Site ID: 1,0,
7352-510,Outside Services - ADMINISTRATIVE,E,18-Sep,0,0,5095.27,280.98,Site ID: 1,4814.29,6100.219
7352-530,Outside Services - SALES,E,18-Sep,0,0,75321.53,12878.88,Site ID: 1,62442.65,6400.219
7353-510,Dues And Subscriptions - ADMINISTRATIVE,E,18-Sep,0,0,1286.76,0,Site ID: 1,1286.76,6100.211
7353-520,Dues & Subscriptions - ACCOUNTING,E,18-Sep,0,0,0,0,Site ID: 1,0,
7353-530,Dues & Subscriptions - SALES,E,18-Sep,0,0,269,52,Site ID: 1,217,6400.211
7355-510,Donations & Community Relations,E,18-Sep,0,0,3205,500,Site ID: 1,2705,6900.109
7356-510,Outside Professional Services,E,18-Sep,0,0,2251.66,0,Site ID: 1,2251.66,6100.219
7356-530,Outside Professional Services,E,18-Sep,0,0,22540.48,1460.19,Site ID: 1,21080.29,6400.219
7357-510,Bank Service Charges,E,18-Sep,0,0,6464.51,0,Site ID: 1,6464.51,6900.103
7358-510,Legal & Professional fees,E,18-Sep,0,0,3731.89,35,Site ID: 1,3696.89,6100.205
7361-510,M & AQ Exp - Meals,E,18-Sep,0,0,0,0,Site ID: 1,0,
7362-510,M & AQ EXP - Travel / Lodging,E,18-Sep,0,0,0,0,Site ID: 1,0,
7363-510,M & AQ EXP - Consultants,E,18-Sep,0,0,0,0,Site ID: 1,0,
7364-510,M & AQ EXP - Legal & Professional,E,18-Sep,0,0,0,0,Site ID: 1,0,
7390-520,Computer Allocation,E,18-Sep,0,0,0,0,Site ID: 1,0,
7425-510,Space Assessment - ADMINISTRATIVE,E,18-Sep,0,0,4800,0,Site ID: 1,4800,6100.29
7425-520,Space Assessment - ACCOUNTING,E,18-Sep,0,0,4000,0,Site ID: 1,4000,6100.29
7425-530,Space Assessment - SALES,E,18-Sep,0,0,6000,0,Site ID: 1,6000,6400.29
7430-510,Administrative Allocation V/R,E,18-Sep,0,0,0,0,Site ID: 1,0,
7430-550,Administrative Allocation Other,E,18-Sep,0,0,0,0,Site ID: 1,0,
8100-000,Miscellaneous Income,E,18-Sep,0,0,0,0,Site ID: 1,0,
8110-000,Interest Income/Expense,E,18-Sep,0,0,6458,0,Site ID: 1,6458,6900.101
8120-000,(Gain)/Loss on Sale of Assets,E,18-Sep,0,0,0,0,Site ID: 1,0,
8200-000,Miscellaneous Expense,E,18-Sep,0,0,0,0,Site ID: 1,0,
8300-000,State Sales/Use Tax,E,18-Sep,0,0,670.51,0,Site ID: 1,670.51,6900.104
8310-000,Other Business Taxes,E,18-Sep,0,0,2335,0,Site ID: 1,2335,6900.109
8400-000,Bad Debt,E,18-Sep,0,0,13336,15000,Site ID: 1,-1664,6900.106
8500-000,Accounting Conversion ,E,18-Sep,0,0,0,0,Site ID: 1,0,
8600-000,Corporate Allocation,E,18-Sep,0,0,0,0,Site ID: 1,0,
9100-000,Rent on Facility,E,18-Sep,0,0,20000,0,Site ID: 1,20000,5400.402
9210-000,Swan Group Travel,E,18-Sep,0,0,797.04,0,Site ID: 1,797.04,9000.4
9220-000,Corporate Bank Charges,E,18-Sep,0,0,0,0,Site ID: 1,0,
9230-000,Corporate Fees,E,18-Sep,0,0,0,0,Site ID: 1,0,
9240-000,Corporate Bonus,E,18-Sep,0,0,0,0,Site ID: 1,0,
9250-000,Corporate Insurance Expense,E,18-Sep,0,0,0,0,Site ID: 1,0,
9260-000,Corporate Interest Rate Swap,E,18-Sep,0,0,0,0,Site ID: 1,0,
9270-000,Corporate Legal & Accounting,E,18-Sep,0,0,41300.69,0,Site ID: 1,41300.69,6100.205
9280-000,Corporate State Taxes,E,18-Sep,0,0,0,0,Site ID: 1,0,
9300-000,Corporate Expense Allocation,E,18-Sep,0,0,154881.85,0,Site ID: 1,154881.85,9000.3
9350-000,Profit Sharing,E,18-Sep,0,0,259122.5,0,Site ID: 1,259122.5,9000.2
9355-000,Incentives-Factory Fixed,E,18-Sep,0,0,78768,0,Site ID: 1,78768,9000.2
9360-000,Incentives-Factory Variable,E,18-Sep,0,0,156047.5,0,Site ID: 1,156047.5,9000.2
9999,Net Income / Loss Clearing Account,R,18-Sep,0,0,0,0,Site ID: 1,0,
Report Totals,,,18-Sep,0,0,1798279738,1798279738,Site ID: 1,0,
